{"info":{"year":"2023","version":"1","description":"Exported from roboflow.ai","contributor":"","url":"https://public.roboflow.ai/object-detection/undefined","date_created":"2023-07-21T06:21:23+00:00"},"licenses":[{"id":1,"url":"https://creativecommons.org/licenses/by/4.0/","name":"CC BY 4.0"}],"categories":[{"id":0,"name":"cricket-player","supercategory":"none"},{"id":1,"name":"chateshwar pujara","supercategory":"cricket-player"},{"id":2,"name":"kl rahul","supercategory":"cricket-player"},{"id":3,"name":"rishabh pant","supercategory":"cricket-player"},{"id":4,"name":"virat kohli","supercategory":"cricket-player"}],"images":[{"id":0,"license":1,"file_name":"player_jpg.rf.181907ae374ded25ab3a3ac28b7b4fe1.jpg","height":640,"width":640,"date_captured":"2023-07-21T06:21:23+00:00"}],"annotations":[{"id":0,"image_id":0,"category_id":2,"bbox":[92,16,140,254.5],"area":35630,"segmentation":[],"iscrowd":0},{"id":1,"image_id":0,"category_id":3,"bbox":[249,90,92,142],"area":13064,"segmentation":[],"iscrowd":0},{"id":2,"image_id":0,"category_id":4,"bbox":[353,40,96,257],"area":24672,"segmentation":[],"iscrowd":0},{"id":3,"image_id":0,"category_id":1,"bbox":[480,44,140,255.5],"area":35770,"segmentation":[],"iscrowd":0}]}